ISIN,Name,Country,Issuer,Issue Volume,Currency,Issue Price,Issue Date,Coupon,Denomination,Quotation Type,Payment Type,Special Coupon Type,Maturity Date,Coupon Payment Date,Payment Frequency,No. of Payments per Year,Coupon Start Date,Final Coupon Date,Floater?,scraped_at,tk_data,source_url
CA135087R226,CANADA 23/26,Canada,"Canada, Government of...","23,000,000,000",CAD,99.79,11/1/2023,4.500%,1000,,regular interest,,2/1/2026,8/1/2026,,"2,0",2/1/2024,1/31/2026,No,2026-02-07T19:28:22.600126,"1,130654501,1330,184",https://markets.businessinsider.com/bonds/canadacd-bonds_202326-bond-2026-ca135087r226
CA135087L518,CANADA 20/26,Canada,"Canada, Government of...","34,000,000,000",CAD,99.03,10/9/2020,0.250%,1000,,regular interest,,3/1/2026,3/1/2026,,"2,0",3/1/2021,2/28/2026,No,2026-02-07T19:28:25.064838,"1,57601476,1330,184",https://markets.businessinsider.com/bonds/canadacd-bonds_202026-Bond-2026-ca135087l518
CA135087P816,CANADA 23/26,Canada,"Canada, Government of...","10,000,000,000",CAD,99.47,1/20/2023,3.000%,1000,,regular interest,,4/1/2026,4/1/2026,,"2,0",4/1/2023,3/31/2026,No,2026-02-07T19:28:28.343437,"1,124578091,1330,184",https://markets.businessinsider.com/bonds/canadacd-bonds_202326-Bond-2026-ca135087p816
CA135087R556,CANADA 24/26,Canada,"Canada, Government of...","26,000,000,000",CAD,99.84,2/12/2024,4.000%,1000,,regular interest,,5/1/2026,5/1/2026,,"2,0",5/1/2024,4/30/2026,No,2026-02-07T19:28:30.931362,"1,132969994,1330,184",https://markets.businessinsider.com/bonds/canadacd-bonds_202426-bond-2026-ca135087r556?miRedirects=1
CA135087E679,CDA 2026,Canada,"Canada, Government of...","13,472,000,000",CAD,97.86,7/21/2015,1.500%,1000,,regular interest,,6/1/2026,6/1/2026,,"2,0",12/1/2015,5/31/2026,No,2026-02-07T19:28:34.335721,"1,28975906,1330,184",https://markets.businessinsider.com/bonds/canadacd-bonds_201526-bond-2026-ca135087e679?miRedirects=1
CA135087R978,CANADA 24/26,Canada,"Canada, Government of...","22,000,000,000",CAD,99.59,5/6/2024,4.000%,1000,,regular interest,,8/3/2026,8/1/2026,,"2,0",8/1/2024,8/2/2026,No,2026-02-07T19:28:37.094848,"1,135402145,1330,184",https://markets.businessinsider.com/bonds/canadacd-bonds_202426-bond-2026-ca135087r978?miRedirects=1
CA135087L930,CANADA 21/26,Canada,"Canada, Government of...","23,000,000,000",CAD,99.66,4/16/2021,1.000%,1000,,regular interest,,9/1/2026,3/1/2026,,"2,0",9/1/2021,8/31/2026,No,2026-02-07T19:28:39.614197,"1,111141014,1330,184",https://markets.businessinsider.com/bonds/canadacd-bonds_202126-bond-2026-ca135087l930?miRedirects=1
CA135087S398,CANADA 24/26,Canada,"Canada, Government of...","21,500,000,000",CAD,99.89,8/2/2024,3.250%,1000,,regular interest,,11/1/2026,5/1/2026,,"2,0",11/1/2024,10/31/2026,No,2026-02-07T19:28:42.265446,"1,137893857,1330,184",https://markets.businessinsider.com/bonds/canadacd-bonds_202426-bond-2026-ca135087s398?miRedirects=1
CA135087S547,CANADA 24/27,Canada,"Canada, Government of...","27,500,000,000",CAD,99.84,11/1/2024,3.000%,1000,,regular interest,,2/1/2027,8/1/2026,,"2,0",2/1/2025,1/31/2027,No,2026-02-07T19:28:44.831999,"1,139591564,1330,184",https://markets.businessinsider.com/bonds/canadacd-bonds_202427-bond-2027-ca135087s547?miRedirects=1
CA135087M847,CANADA 21/27,Canada,"Canada, Government of...","13,000,000,000",CAD,99.66,10/15/2021,1.250%,1000,,regular interest,,3/1/2027,3/1/2026,,"2,0",3/1/2022,2/28/2027,No,2026-02-07T19:28:47.395158,"1,114329463,1330,184",https://markets.businessinsider.com/bonds/canadacd-bonds_202127-bond-2027-ca135087m847?miRedirects=1
CA135087S885,CANADA 25/27,Canada,"Canada, Government of...","28,500,000,000",CAD,99.86,2/20/2025,2.750%,1000,,regular interest,,5/1/2027,5/1/2026,,"2,0",5/1/2025,4/30/2027,No,2026-02-07T19:28:49.330696,"1,142700048,1330,184",https://markets.businessinsider.com/bonds/canadacd-bonds_202527-bond-2027-ca135087s885?miRedirects=1
CA135087F825,CDA 2027,Canada,"Canada, Government of...","15,490,000,000",CAD,97.99,8/3/2016,1.000%,1000,,regular interest,,6/1/2027,6/1/2026,,"2,0",12/1/2016,5/31/2027,No,2026-02-07T19:28:51.937615,"1,33461441,1330,184",https://markets.businessinsider.com/bonds/canadacd-bonds_201627-bond-2027-ca135087f825?miRedirects=1
CA135087VW17,CDA 2027            01.06,Canada,"Canada, Government of...","3,620,841,000",CAD,97.88,5/1/1996,8.000%,1000,,regular interest,,6/1/2027,6/1/2026,,"2,0",6/1/1996,5/31/2027,No,2026-02-07T19:28:57.094385,"1,490501,1330,184",https://markets.businessinsider.com/bonds/8_000-canada-government-of-bond-2027-ca135087vw17?miRedirects=1
CA135087T461,CANADA 25/27,Canada,"Canada, Government of...","30,000,000,000",CAD,99.78,5/15/2025,2.500%,1000,,regular interest,,8/1/2027,8/1/2026,,"2,0",8/1/2025,7/31/2027,No,2026-02-07T19:29:00.824871,"1,145462038,1330,184",https://markets.businessinsider.com/bonds/canadacd-bonds_202527-bond-2027-ca135087t461?miRedirects=1
CA135087P733,CANADA 22/27,Canada,"Canada, Government of...","500,000,000",CAD,100.00,12/2/2022,3.245%,1000,,regular interest,,8/24/2027,2/24/2026,,"2,0",2/24/2023,8/23/2027,No,2026-02-07T19:29:06.544497,"1,123653782,1330,184",https://markets.businessinsider.com/bonds/canadacd-bonds_202227-bond-2027-ca135087p733?miRedirects=1
CA135087N837,CANADA 22/27,Canada,"Canada, Government of...","16,000,000,000",CAD,99.30,5/13/2022,2.750%,1000,,regular interest,,9/1/2027,3/1/2026,,"2,0",9/1/2022,8/31/2027,No,2026-02-07T19:29:10.737704,"1,119036843,1330,184",https://markets.businessinsider.com/bonds/canadacd-bonds_202227-bond-2027-ca135087n837?miRedirects=1
CA135087T610,CANADA 25/27,Canada,"Canada, Government of...","30,000,000,000",CAD,99.50,8/15/2025,2.500%,1000,,regular interest,,11/1/2027,5/1/2026,,"2,0",11/1/2025,10/31/2027,No,2026-02-07T19:29:14.670631,"1,148260836,1330,184",http://markets.businessinsider.com/bonds/canadacd-bonds_202527-bond-2027-ca135087t610?miRedirects=1
CA135087T958,CANADA 25/28,Canada,"Canada, Government of...","30,000,000,000",CAD,99.52,11/14/2025,2.250%,1000,,regular interest,,2/1/2028,8/1/2026,,"2,0",2/1/2026,1/31/2028,No,2026-02-07T19:29:17.271352,"1,151027258,16,184",https://markets.businessinsider.com/bonds/canadacd-bonds_202528-bond-2028-ca135087t958?miRedirects=1
CA135087P576,CANADA 22/28,Canada,"Canada, Government of...","15,000,000,000",CAD,99.35,10/21/2022,3.500%,1000,,regular interest,,3/1/2028,3/1/2026,,"2,0",3/1/2023,2/29/2028,No,2026-02-07T19:29:19.879119,"1,122651336,1330,184",https://markets.businessinsider.com/bonds/canadacd-bonds_202228-bond-2028-ca135087p576?miRedirects=1
CA135087H235,CDA 2028,Canada,"Canada, Government of...","13,500,000,000",CAD,99.27,8/1/2017,2.000%,1000,,regular interest,,6/1/2028,6/1/2026,,"2,0",12/1/2017,5/31/2028,No,2026-02-07T19:29:22.872195,"1,37720230,1330,184",https://markets.businessinsider.com/bonds/canadacd-bonds_201728-bond-2028-ca135087h235?miRedirects=1
CA135087Q491,CANADA 23/28,Canada,"Canada, Government of...","20,000,000,000",CAD,100.00,4/21/2023,3.250%,1000,,regular interest,,9/1/2028,3/1/2026,,"2,0",9/1/2023,8/31/2028,No,2026-02-07T19:29:25.657755,"1,126528699,1330,184",https://markets.businessinsider.com/bonds/canadacd-bonds_202328-bond-2028-ca135087q491?miRedirects=1
CA135087Q988,CANADA 23/29,Canada,"Canada, Government of...","27,000,000,000",CAD,99.42,10/13/2023,4.000%,1000,,regular interest,,3/1/2029,3/1/2026,,"2,0",3/1/2024,2/28/2029,No,2026-02-07T19:29:28.241414,"1,130328741,1330,184",https://markets.businessinsider.com/bonds/canadacd-bonds_202329-Bond-2029-ca135087q988
CA135087WL43,CDA 2029            01.06,Canada,"Canada, Government of...","10,598,959,000",CAD,99.81,2/2/1998,5.750%,1000,,regular interest,,6/1/2029,6/1/2026,,"2,0",6/1/1998,5/31/2029,No,2026-02-07T19:29:30.725943,"1,847359,1330,184",https://markets.businessinsider.com/bonds/5_750-canada-government-of-Bond-2029-ca135087wl43
CA135087J397,CDA 18/29,Canada,"Canada, Government of...","12,300,000,000",CAD,99.95,7/27/2018,2.250%,1000,,regular interest,,6/1/2029,6/1/2026,,"2,0",12/1/2018,5/31/2029,No,2026-02-07T19:29:33.136038,"1,42965744,1330,184",https://markets.businessinsider.com/bonds/canadacd-bonds_201829-Bond-2029-ca135087j397
CA135087R895,CANADA 24/29,Canada,"Canada, Government of...","30,000,000,000",CAD,99.45,4/8/2024,3.500%,1000,,regular interest,,9/1/2029,3/1/2026,,"2,0",9/1/2024,8/31/2029,No,2026-02-07T19:29:35.584823,"1,134387959,1330,184",https://markets.businessinsider.com/bonds/canadacd-bonds_202429-Bond-2029-ca135087r895
CA135087N670,CANADA 22/29,Canada,"Canada, Government of...","5,000,000,000",CAD,99.58,3/29/2022,2.250%,1000,,regular interest,,12/1/2029,6/1/2026,,"2,0",6/1/2022,11/30/2029,No,2026-02-07T19:29:38.025609,"1,117855494,1330,184",https://markets.businessinsider.com/bonds/canadacd-bonds_202229-Bond-2029-ca135087n670
CA135087S471,CANADA 24/30,Canada,"Canada, Government of...","33,000,000,000",CAD,99.63,10/3/2024,2.750%,1000,,regular interest,,3/1/2030,3/1/2026,,"2,0",3/1/2025,2/28/2030,No,2026-02-07T19:29:40.512181,"1,138913105,1330,184",https://markets.businessinsider.com/bonds/canadacd-bonds_202430-Bond-2030-ca135087s471
CA135087T388,CANADA 25/30,Canada,"Canada, Government of...","42,000,000,000",CAD,99.52,4/10/2025,2.750%,1000,,regular interest,,9/1/2030,3/1/2026,,"2,0",9/1/2025,8/31/2030,No,2026-02-07T19:29:42.945238,"1,144389623,1330,184",https://markets.businessinsider.com/bonds/canadacd-bonds_202530-Bond-2030-ca135087t388
CA135087L443,CANADA 20/30,Canada,"Canada, Government of...","40,000,000,000",CAD,98.96,10/5/2020,0.500%,1000,,regular interest,,12/1/2030,6/1/2026,,"2,0",12/1/2020,11/30/2030,No,2026-02-07T19:29:45.366240,"1,57501684,1330,184",https://markets.businessinsider.com/bonds/canadacd-bonds_202030_series_l443-Bond-2030-ca135087l443
CA135087T792,CANADA 25/31,Canada,"Canada, Government of...","26,250,000,000",CAD,99.78,10/2/2025,2.750%,1000,,regular interest,,3/1/2031,3/1/2026,,"2,0",3/1/2026,2/28/2031,No,2026-02-07T19:29:47.750414,"1,149759344,1330,184",https://markets.businessinsider.com/bonds/canadacd-bonds_202531-Bond-2031-ca135087t792
CA135087M276,CANADA 21/31,Canada,"Canada, Government of...","42,000,000,000",CAD,98.85,4/26/2021,1.500%,1000,,regular interest,,6/1/2031,6/1/2026,,"2,0",6/1/2021,5/31/2031,No,2026-02-07T19:29:50.155929,"1,111293704,1330,184",https://markets.businessinsider.com/bonds/canadacd-bonds_202131-Bond-2031-ca135087m276
CA135087N266,CANADA 21/31,Canada,"Canada, Government of...","32,000,000,000",CAD,97.91,10/25/2021,1.500%,1000,,regular interest,,12/1/2031,6/1/2026,,"2,0",12/1/2021,11/30/2031,No,2026-02-07T19:29:52.563281,"1,114466942,1330,184",https://markets.businessinsider.com/bonds/canadacd-bonds_202131-Bond-2031-ca135087n266
CA135087S968,CANADA 25/32,Canada,"Canada, Government of...","3,500,000,000",CAD,99.52,2/26/2025,3.000%,1000,,regular interest,,3/1/2032,3/1/2026,,"2,0",3/1/2025,2/28/2032,No,2026-02-07T19:29:55.255277,"1,142567197,1330,184",https://markets.businessinsider.com/bonds/canadacd-bonds_202532-Bond-2032-ca135087s968
CA135087N597,CANADA 22/32,Canada,"Canada, Government of...","24,000,000,000",CAD,98.29,3/16/2022,2.000%,1000,,regular interest,,6/1/2032,6/1/2026,,"2,0",6/1/2022,5/31/2032,No,2026-02-07T19:29:57.731975,"1,117606959,1330,184",https://markets.businessinsider.com/bonds/canadacd-bonds_202232-Bond-2032-ca135087n597
CA135087P329,CANADA 22/32,Canada,"Canada, Government of...","21,000,000,000",CAD,97.96,8/8/2022,2.500%,1000,,regular interest,,12/1/2032,6/1/2026,,"2,0",12/1/2022,11/30/2032,No,2026-02-07T19:30:01.917157,"1,120914999,1330,184",https://markets.businessinsider.com/bonds/canadacd-bonds_202232-Bond-2032-ca135087p329
CA135087XG49,CDA 2033            01.06,Canada,"Canada, Government of...","11,988,905,000",CAD,99.86,10/15/2001,5.750%,1000,,regular interest,,6/1/2033,6/1/2026,,"2,0",12/1/2001,5/31/2033,No,2026-02-07T19:30:08.161873,"1,1321208,1330,184",https://markets.businessinsider.com/bonds/5_750-canada-government-of-Bond-2033-ca135087xg49
CA135087Q723,CANADA 23/33,Canada,"Canada, Government of...","21,000,000,000",CAD,97.97,6/26/2023,3.250%,1000,,regular interest,,12/1/2033,6/1/2026,,"2,0",12/1/2023,11/30/2033,No,2026-02-07T19:30:11.200320,"1,128007448,1330,184",https://markets.businessinsider.com/bonds/canadacd-bonds_202333-Bond-2033-ca135087q723
CA135087R713,CANADA 24/34,Canada,"Canada, Government of...","6,000,000,000",CAD,99.62,3/1/2024,3.500%,1000,,regular interest,,3/1/2034,3/1/2026,,"2,0",9/1/2024,2/28/2034,No,2026-02-07T19:30:13.607160,"1,133356706,1330,184",https://markets.businessinsider.com/bonds/canadacd-bonds_202434-Bond-2034-ca135087r713
CA135087R481,CANADA 23/34,Canada,"Canada, Government of...","34,000,000,000",CAD,99.07,12/27/2023,3.000%,1000,,regular interest,,6/1/2034,6/1/2026,,"2,0",6/1/2024,5/31/2034,No,2026-02-07T19:30:17.208723,"1,131843886,1330,184",https://markets.businessinsider.com/bonds/canadacd-bonds_202334-Bond-2034-ca135087r481
CA135087S216,CANADA 24/34,Canada,"Canada, Government of...","30,000,000,000",CAD,98.67,7/12/2024,3.250%,1000,,regular interest,,12/1/2034,6/1/2026,,"2,0",12/1/2024,11/30/2034,No,2026-02-07T19:30:19.672201,"1,136888775,1330,184",https://markets.businessinsider.com/bonds/canadacd-bonds_202434-Bond-2034-ca135087s216
CA135087S620,CANADA 25/35,Canada,"Canada, Government of...","39,000,000,000",CAD,99.06,1/10/2025,3.250%,1000,,regular interest,,6/1/2035,6/1/2026,,"2,0",6/1/2025,5/31/2035,No,2026-02-07T19:30:22.306207,"1,141608780,1330,184",https://markets.businessinsider.com/bonds/canadacd-bonds_202535-Bond-2035-ca135087s620
CA135087T537,CANADA 25/35,Canada,"Canada, Government of...","42,000,000,000",CAD,,7/3/2025,3.250%,1000,,regular interest,,12/1/2035,6/1/2026,,"2,0",12/1/2025,11/30/2035,No,2026-02-07T19:30:24.767794,"1,146822867,1330,184",https://markets.businessinsider.com/bonds/canadacd-bonds_202535-Bond-2035-ca135087t537
